-- phpMyAdmin SQL Dump
-- version 2.9.2-Debian-1.one.com1
-- http://www.phpmyadmin.net
-- 
-- Vært: MySQL Server
-- Genereringstid: 30/04 2008 kl. 16:29:53
-- Serverversion: 5.0.32
-- PHP-version: 5.2.0-8+etch10
-- 
-- Database: `1nvision_com`
-- 

-- --------------------------------------------------------

-- 
-- Struktur-dump for tabellen `TRM_OS`
-- 

CREATE TABLE `TRM_OS` (
  `ID` int(11) NOT NULL auto_increment,
  `OSname` varchar(255) collate utf8_bin NOT NULL,
  PRIMARY KEY  (`ID`),
  UNIQUE KEY `name` (`OSname`)
) ENGINE=MyISAM  DEFAULT CHARSET=utf8 COLLATE=utf8_bin AUTO_INCREMENT=13 ;

-- 
-- Data dump for tabellen `TRM_OS`
-- 

INSERT INTO `TRM_OS` (`ID`, `OSname`) VALUES 
(1, 0x5669737461),
(2, 0x4c696e7578),
(3, 0x32303030),
(4, 0x6f732078),
(5, 0x3938),
(6, 0x3935),
(12, 0x5850);

-- --------------------------------------------------------

-- 
-- Struktur-dump for tabellen `TRM_ReqsOSBrows`
-- 

CREATE TABLE `TRM_ReqsOSBrows` (
  `ID` int(11) NOT NULL auto_increment,
  `b_id` int(11) NOT NULL,
  `o_id` int(11) NOT NULL,
  `r_id` int(11) NOT NULL,
  PRIMARY KEY  (`ID`),
  UNIQUE KEY `b_id` (`b_id`,`o_id`,`r_id`)
) ENGINE=MyISAM  DEFAULT CHARSET=utf8 COLLATE=utf8_bin AUTO_INCREMENT=151 ;

-- 
-- Data dump for tabellen `TRM_ReqsOSBrows`
-- 

INSERT INTO `TRM_ReqsOSBrows` (`ID`, `b_id`, `o_id`, `r_id`) VALUES 
(150, 1, 1, 327);

-- --------------------------------------------------------

-- 
-- Struktur-dump for tabellen `TRM_ReqsTests`
-- 

CREATE TABLE `TRM_ReqsTests` (
  `ID` int(11) NOT NULL auto_increment,
  `t_name` varchar(255) collate utf8_bin NOT NULL,
  `r_id` int(11) NOT NULL,
  PRIMARY KEY  (`ID`)
) ENGINE=MyISAM  DEFAULT CHARSET=utf8 COLLATE=utf8_bin AUTO_INCREMENT=87 ;

-- 
-- Data dump for tabellen `TRM_ReqsTests`
-- 

INSERT INTO `TRM_ReqsTests` (`ID`, `t_name`, `r_id`) VALUES 
(86, 0x7472696c6c65, 327);

-- --------------------------------------------------------

-- 
-- Struktur-dump for tabellen `TRM_browser`
-- 

CREATE TABLE `TRM_browser` (
  `ID` int(11) NOT NULL auto_increment,
  `browsername` varchar(255) collate utf8_bin NOT NULL,
  PRIMARY KEY  (`ID`),
  UNIQUE KEY `name` (`browsername`)
) ENGINE=MyISAM  DEFAULT CHARSET=utf8 COLLATE=utf8_bin AUTO_INCREMENT=16 ;

-- 
-- Data dump for tabellen `TRM_browser`
-- 

INSERT INTO `TRM_browser` (`ID`, `browsername`) VALUES 
(1, 0x494537),
(2, 0x494536),
(3, 0x46697265666f78),
(11, 0x4945687461),
(10, 0x4368726f6d65),
(13, 0x536166617269),
(14, 0x706966697265666f78),
(15, 0x46697265666f782033);

-- --------------------------------------------------------

-- 
-- Struktur-dump for tabellen `TRM_commands`
-- 

CREATE TABLE `TRM_commands` (
  `ID` int(10) unsigned NOT NULL auto_increment,
  `status` varchar(255) character set latin1 collate latin1_danish_ci default NULL,
  `action` longtext character set latin1 collate latin1_danish_ci,
  `var1` longtext character set latin1 collate latin1_danish_ci,
  `var2` longtext character set latin1 collate latin1_danish_ci,
  `t_id` int(10) NOT NULL default '0',
  PRIMARY KEY  (`ID`)
) ENGINE=MyISAM  DEFAULT CHARSET=utf8 COLLATE=utf8_bin AUTO_INCREMENT=2 ;

-- 
-- Data dump for tabellen `TRM_commands`
-- 

INSERT INTO `TRM_commands` (`ID`, `status`, `action`, `var1`, `var2`, `t_id`) VALUES 
(1, 'passed', 'Do this.', 'Expect that.', '', 3);

-- --------------------------------------------------------

-- 
-- Struktur-dump for tabellen `TRM_comments`
-- 

CREATE TABLE `TRM_comments` (
  `id` int(11) NOT NULL auto_increment,
  `timedate` timestamp NOT NULL default CURRENT_TIMESTAMP,
  `author` int(11) NOT NULL,
  `headline` varchar(255) collate utf8_bin NOT NULL,
  `comment` longtext collate utf8_bin NOT NULL,
  `table_name` varchar(255) collate utf8_bin NOT NULL,
  `table_id` int(11) NOT NULL,
  PRIMARY KEY  (`id`)
) ENGINE=MyISAM DEFAULT CHARSET=utf8 COLLATE=utf8_bin AUTO_INCREMENT=1 ;

-- 
-- Data dump for tabellen `TRM_comments`
-- 


-- --------------------------------------------------------

-- 
-- Struktur-dump for tabellen `TRM_config`
-- 

CREATE TABLE `TRM_config` (
  `id` int(11) NOT NULL auto_increment,
  `var` varchar(255) collate utf8_bin NOT NULL,
  `value` varchar(255) collate utf8_bin NOT NULL,
  PRIMARY KEY  (`id`),
  UNIQUE KEY `var` (`var`)
) ENGINE=MyISAM  DEFAULT CHARSET=utf8 COLLATE=utf8_bin AUTO_INCREMENT=2 ;

-- 
-- Data dump for tabellen `TRM_config`
-- 

INSERT INTO `TRM_config` (`id`, `var`, `value`) VALUES 
(1, 0x6c6974655f76657273696f6e, 0x30);

-- --------------------------------------------------------

-- 
-- Struktur-dump for tabellen `TRM_core`
-- 

CREATE TABLE `TRM_core` (
  `ID` int(11) NOT NULL auto_increment,
  `referer` varchar(255) character set latin1 collate latin1_danish_ci NOT NULL,
  `p_id` int(11) NOT NULL default '0',
  `TestRunnerLocation` varchar(255) character set latin1 NOT NULL,
  `testPath` varchar(255) character set latin1 NOT NULL,
  PRIMARY KEY  (`ID`)
) ENGINE=MyISAM  DEFAULT CHARSET=utf8 COLLATE=utf8_bin AUTO_INCREMENT=94 ;

-- 
-- Data dump for tabellen `TRM_core`
-- 


-- --------------------------------------------------------

-- 
-- Struktur-dump for tabellen `TRM_core_testsuites`
-- 

CREATE TABLE `TRM_core_testsuites` (
  `id` int(11) NOT NULL auto_increment,
  `p_id` int(11) NOT NULL,
  `testsuite` varchar(255) character set latin1 NOT NULL,
  PRIMARY KEY  (`id`)
) ENGINE=MyISAM  DEFAULT CHARSET=utf8 COLLATE=utf8_bin AUTO_INCREMENT=108 ;

-- 
-- Data dump for tabellen `TRM_core_testsuites`
-- 


-- --------------------------------------------------------

-- 
-- Struktur-dump for tabellen `TRM_cronjobs`
-- 

CREATE TABLE `TRM_cronjobs` (
  `id` int(11) NOT NULL auto_increment,
  `runtime` datetime NOT NULL,
  `job` text collate utf8_bin NOT NULL,
  `run` int(11) NOT NULL,
  PRIMARY KEY  (`id`)
) ENGINE=MyISAM  DEFAULT CHARSET=utf8 COLLATE=utf8_bin AUTO_INCREMENT=2 ;

-- 
-- Data dump for tabellen `TRM_cronjobs`
-- 


-- --------------------------------------------------------

-- 
-- Struktur-dump for tabellen `TRM_defect_has_attachment`
-- 

CREATE TABLE `TRM_defect_has_attachment` (
  `id` int(11) NOT NULL auto_increment,
  `d_id` int(11) NOT NULL,
  `attachment_path` text collate utf8_bin NOT NULL,
  `microtime` varchar(255) collate utf8_bin NOT NULL,
  PRIMARY KEY  (`id`)
) ENGINE=MyISAM DEFAULT CHARSET=utf8 COLLATE=utf8_bin AUTO_INCREMENT=1 ;

-- 
-- Data dump for tabellen `TRM_defect_has_attachment`
-- 


-- --------------------------------------------------------

-- 
-- Struktur-dump for tabellen `TRM_defects`
-- 

CREATE TABLE `TRM_defects` (
  `id` int(11) NOT NULL auto_increment,
  `createdby` int(11) NOT NULL,
  `description` longtext collate utf8_bin NOT NULL,
  `type_of_defect` int(11) NOT NULL,
  `created` datetime NOT NULL,
  `updated` timestamp NOT NULL default CURRENT_TIMESTAMP on update CURRENT_TIMESTAMP,
  `status` int(11) NOT NULL,
  `p_id` int(11) NOT NULL,
  `t_id` int(11) default NULL,
  `updatedby` int(11) NOT NULL,
  `name` varchar(255) collate utf8_bin NOT NULL,
  `priority` enum('Urgent','Very high','High','Medium','Low') collate utf8_bin NOT NULL,
  `stt_id` varchar(11) collate utf8_bin NOT NULL,
  PRIMARY KEY  (`id`)
) ENGINE=MyISAM DEFAULT CHARSET=utf8 COLLATE=utf8_bin AUTO_INCREMENT=1 ;

-- 
-- Data dump for tabellen `TRM_defects`
-- 


-- --------------------------------------------------------

-- 
-- Struktur-dump for tabellen `TRM_design_manual_commands`
-- 

CREATE TABLE `TRM_design_manual_commands` (
  `id` int(11) NOT NULL auto_increment,
  `orderby` int(11) NOT NULL,
  `action` text collate utf8_bin NOT NULL,
  `reaction` text collate utf8_bin NOT NULL,
  `td_id` int(11) NOT NULL,
  PRIMARY KEY  (`id`)
) ENGINE=MyISAM DEFAULT CHARSET=utf8 COLLATE=utf8_bin AUTO_INCREMENT=1 ;

-- 
-- Data dump for tabellen `TRM_design_manual_commands`
-- 


-- --------------------------------------------------------

-- 
-- Struktur-dump for tabellen `TRM_design_manual_test`
-- 

CREATE TABLE `TRM_design_manual_test` (
  `id` int(11) NOT NULL auto_increment,
  `name` text collate utf8_bin NOT NULL,
  `p_id` int(11) NOT NULL,
  `Description` longtext collate utf8_bin NOT NULL,
  PRIMARY KEY  (`id`)
) ENGINE=MyISAM DEFAULT CHARSET=utf8 COLLATE=utf8_bin AUTO_INCREMENT=1 ;

-- 
-- Data dump for tabellen `TRM_design_manual_test`
-- 


-- --------------------------------------------------------

-- 
-- Struktur-dump for tabellen `TRM_lang`
-- 

CREATE TABLE `TRM_lang` (
  `id` int(11) NOT NULL auto_increment,
  `langKey` varchar(255) collate utf8_bin NOT NULL,
  `en` varchar(255) collate utf8_bin NOT NULL,
  `es` varchar(255) collate utf8_bin NOT NULL,
  `dk` varchar(255) collate utf8_bin NOT NULL,
  `de` varchar(255) collate utf8_bin NOT NULL,
  PRIMARY KEY  (`id`),
  UNIQUE KEY `langKey` (`langKey`)
) ENGINE=MyISAM  DEFAULT CHARSET=utf8 COLLATE=utf8_bin AUTO_INCREMENT=288 ;

-- 
-- Data dump for tabellen `TRM_lang`
-- 

INSERT INTO `TRM_lang` (`id`, `langKey`, `en`, `es`, `dk`, `de`) VALUES 
(1, 0x44617465, 0x44617465, '', 0x4461746f, 0x2e2e2e),
(2, 0x5375697465206e616d65, 0x5375697465206e616d65, '', 0x5375697465206e61766e, 0x2e2e2e),
(3, 0x53656c2e207665722e, 0x53656c2e207665722e, '', 0x53656c2e207665722e, 0x2e2e2e),
(4, 0x53656c2e207265762e, 0x53656c2e207265762e, '', 0x53656c2e207265762e, 0x2e2e2e),
(5, 0x42726f77736572, 0x42726f77736572, '', 0x42726f77736572, 0x2e2e2e),
(6, 0x506c6174666f726d, 0x506c6174666f726d, '', 0x506c6174666f726d, 0x2e2e2e),
(7, 0x54657374207375632e, 0x54657374207375632e, '', 0x54206c796b6b65646573, 0x2e2e2e),
(8, 0x54657374206661696c2e, 0x54657374206661696c2e, '', 0x542046656a6c6574, 0x2e2e2e),
(9, 0x436d642e207375632e, 0x436d642e207375632e, '', 0x4b206c796b6b65646573, 0x2e2e2e),
(10, 0x436d642e206661696c6564, 0x436d642e206661696c6564, '', 0x4b2066656a6c6574, 0x2e2e2e),
(11, 0x436d642e206e6f7420646f6e65, 0x436d642e206e6f7420646f6e65, '', 0x4b20696b6b6520756466c3b87274, 0x2e2e2e),
(12, 0x54206772617068, 0x54206772617068, '', 0x542067726166, 0x2e2e2e),
(13, 0x436d642e206772617068, 0x436d642e206772617068, '', 0x4b2067726166, 0x2e2e2e),
(14, 0x546f, 0x546f, '', 0x54696c, 0x2e2e2e),
(15, 0x46726f6d, 0x46726f6d, '', 0x467261, 0x2e2e2e),
(16, 0x53686f77, 0x53686f77, '', 0x566973, 0x2e2e2e),
(17, 0x446966666572656e6365, 0x446966666572656e6365, '', 0x466f72736b656c, 0x2e2e2e),
(18, 0x4164642075736572, 0x4164642075736572, '', 0x54696c66c3b86a20627275676572, 0x2e2e2e),
(19, 0x536565206f6c64207265706f727473, 0x536565206f6c64207265706f727473, '', 0x53652067616d6c6520726170706f72746572, 0x2e2e2e),
(20, 0x5573657273, 0x5573657273, '', 0x42727567657265, 0x2e2e2e),
(21, 0x416c6c, 0x416c6c, '', 0x416c6c65, 0x2e2e2e),
(22, 0x54657374207375636365646564, 0x54657374207375636365646564, '', 0x54657374206c796b6b65646573, 0x2e2e2e),
(23, 0x48656c702074657874, 0x48656c702074657874, '', 0x486ac3a66c70652074656b7374, 0x2e2e2e),
(24, 0x436f6d6d616e6473207375636365646564, 0x436f6d6d616e6473207375636365646564, '', 0x4b6f6d6d616e646f6572206c796b6b65646573, 0x2e2e2e),
(25, 0x436f6d6d616e6473206661696c6564, 0x436f6d6d616e6473206661696c6564, '', 0x4b6f6d6d616e646f65722066656a6c6574, 0x2e2e2e),
(26, 0x436f6d6d616e647320646f6e65, 0x436f6d6d616e647320646f6e65, '', 0x4b6f6d6d616e646f65722067656e6e656d66c3b87274, 0x2e2e2e),
(27, 0x436f6d6d616e6473206e6f7420646f6e65, 0x436f6d6d616e6473206e6f7420646f6e65, '', 0x4b6f6d6d616e646f657220696b6b652067656e6e656d66c3b87274, 0x2e2e2e),
(28, 0x6d696e2e, 0x6d696e2e, '', 0x6d696e2e, 0x2e2e2e),
(29, 0x7365632e, 0x7365632e, '', 0x73656b2e, 0x2e2e2e),
(30, 0x436c69656e74, 0x436c69656e74, '', 0x4b6c69656e74, 0x2e2e2e),
(31, 0x546f74616c2074696d65, 0x546f74616c2074696d65, '', 0x53616d6c657420746964, 0x2e2e2e),
(32, 0x53656c656e69756d2076657273696f6e, 0x53656c656e69756d2076657273696f6e, '', 0x53656c656e69756d2076657273696f6e, 0x2e2e2e),
(33, 0x53656c656e69756d207265766973696f6e, 0x53656c656e69756d207265766973696f6e, '', 0x53656c656e69756d207265766973696f6e, 0x2e2e2e),
(34, 0x54696d65, 0x54696d65, '', 0x546964, 0x2e2e2e),
(35, 0x436f6d6d616e64204661696c757265732025, 0x436f6d6d616e64204661696c757265732025, '', 0x4b6f6d6d616e646f2066656a6c2025, 0x2e2e2e),
(36, 0x436f6d6d616e6473206572726f7273, 0x436f6d6d616e6473206572726f7273, '', 0x4b6f6d6d616e646f657220696b6b652067656e6e656d66c3b87274, 0x2e2e2e),
(38, 0x54657374206661696c6564, 0x54657374206661696c6564, '', 0x546573742066656a6c6574, 0x2e2e2e),
(39, 0x54657374, 0x54657374, '', 0x54657374, 0x2e2e2e),
(40, 0x436f6d6d616e6473, 0x436f6d6d616e6473, '', 0x4b6f6d6d616e646f6572, 0x2e2e2e),
(41, 0x436f6d70617269736f6e206279, 0x436f6d70617269736f6e206279, '', 0x53616d6d656e6c69676e2070c3a5, 0x2e2e2e),
(42, 0x50726f6a656374, 0x50726f6a656374, '', 0x50726f6a656b74, 0x2e2e2e),
(43, 0x4465736372697074696f6e, 0x4465736372697074696f6e, '', 0x4265736b726976656c7365, 0x2e2e2e),
(44, 0x557365726e616d65, 0x557365726e616d65, '', 0x4272756765726e61766e, 0x2e2e2e),
(45, 0x50617373776f7264, 0x50617373776f7264, '', 0x416467616e67736b6f6465, 0x2e2e2e),
(46, 0x4c6f6720696e, 0x4c6f6720696e, '', 0x4c6f6720696e64, 0x2e2e2e),
(47, 0x4c6f6767656420696e206173, 0x4c6f6767656420696e206173, '', 0x4c6f6767657420696e6420736f6d, 0x2e2e2e),
(48, 0x4c696e6b20746f2061646d696e2d73697465, 0x41646d696e206d6f64756c65, '', 0x41646d696e206d6f64756c, 0x2e2e2e),
(49, 0x4261636b20746f207375697465206f76657276696577, 0x4261636b20746f207375697465206f76657276696577, '', 0x54696c626167652074696c207375697465206f766572626c696b, 0x2e2e2e),
(50, 0x4e6f207265706f727473, 0x546865726520617265206e6f207265706f727420696e20746869732070726f6a656374, '', 0x44657220657220696e67656e20726170706f727420692064657474652070726f6a656374, 0x2e2e2e),
(51, 0x52657475726e20746f20696e646578, 0x4261636b20746f2070726f6a656374206f76657276696577, '', 0x54696c626167652074696c2070726f6a656b74206f766572626c696b, 0x2e2e2e),
(52, 0x7265736574, 0x5265736574, '', 0x4e756c7374696c, 0x2e2e2e),
(53, 0x6e6f206c6f67696e, 0x596f757220757365726e616d65206f722070617373776f7264206973206e6f7420636f7272656374, '', 0x4d6974206272756765726e61766e20656c6c657220616467616e67736b6f646520657220666f726b65727420, 0x2e2e2e),
(54, 0x6e6f2070726f6a65637473, 0x596f7520646f6e277420686176652061636365737320746f20616e792070726f6a65637473, '', 0x44752068617220696b6b6520616467616e672074696c206e6f6765742070726f6a656b746572, 0x2e2e2e),
(56, 0x44696666, 0x44696666, '', 0x44696666, 0x2e2e2e),
(57, 0x656e7669726f6e6d656e74, 0x456e7669726f6e6d656e74, '', 0x4d696c6ac3b8, 0x2e2e2e),
(58, 0x4661696c6564, 0x4661696c6564, '', 0x46656a6c, 0x2e2e2e),
(59, 0x506173736564, 0x506173736564, '', 0x476f646b656e6474, 0x2e2e2e),
(60, 0x4572726f72, 0x4572726f72, '', 0x496b6b652067656e6e656d66c3b87274, 0x2e2e2e),
(61, 0x6d616e506173736564, 0x4d616e75616c6c7920506173736564, '', 0x4d616e75656c742067656e6e656d66c3b87274, 0x2e2e2e),
(62, 0x4c616e6775616765, 0x4c616e6775616765, '', 0x5370726f67, 0x2e2e2e),
(63, 0x57656c636f6d6520746f2042726f6d696e65, 0x57656c636f6d6520746f2042726f6d696e65, '', 0x56656c6b6f6d6d656e2074696c2042726f6d696e65, 0x2e2e2e),
(64, 0x57656c636f6d654d7367, 0x496e7465726e616c206e65777320616e6420737475666620676f65732068657265, '', 0x496e7465726e65206e796865646572206f6720616e6472652074696e6720686572, 0x2e2e2e),
(65, 0x6c6f67206f7574, 0x6c6f67206f7574, '', 0x6c6f67207564, 0x2e2e2e),
(66, 0x54657374204c6162, 0x54657374204c6162, '', 0x54657374204c6162, 0x2e2e2e),
(67, 0x5465737420526573756c74204d616e61676572, 0x5465737420526573756c74204d616e61676572, '', 0x5465737420526573756c74204d616e61676572, 0x2e2e2e),
(69, 0x43686f6f73652070726f6a656374, 0x43686f6f73652070726f6a656374, '', 0x56c3a66c672070726f6a656b74, 0x2e2e2e),
(70, 0x4e6f2074657374206174746163686564, 0x4e6f2074657374206174746163686564, '', 0x496e67656e20746573742074696c66c3b86a6574, 0x2e2e2e),
(71, 0x456e7669726f6e6d656e74, 0x456e7669726f6e6d656e74, '', 0x4d696c6ac3b8, 0x2e2e2e),
(72, 0x43686f6f736520656e7669726f6e6d656e74, 0x43686f6f736520656e7669726f6e6d656e74, '', 0x56c3a66c67206d696c6ac3b8, 0x2e2e2e),
(73, 0x41646d696e205741524e494e4721, 0x5741524e494e47212121202d205448494e4b206265666f726520796f75206368616e676520616e797468696e672121, '', 0x5041532050c3852121204876616420647520c3a66e647265722e2e2e2121, 0x2e2e2e),
(74, 0x43686f6f73652074657374, 0x43686f6f73652074657374, '', 0x56c3a66c672074657374, 0x2e2e2e),
(75, 0x4e6f20656e7669726f6e6d656e74206174746163686564, 0x4e6f20656e7669726f6e6d656e74206174746163686564, '', 0x496e746574206d696c6ac3b82074696c6b6e7974746574, 0x2e2e2e),
(76, 0x45646974207573657273, 0x45646974207573657273, '', 0x526564696765722062727567657265, 0x2e2e2e),
(77, 0x456469742070726f6a65637473, 0x456469742070726f6a65637473, '', 0x526564696765722070726f6a656b746572, 0x2e2e2e),
(78, 0x45646974207465737473, 0x45646974207465737473, '', 0x52656469676572207465737473, 0x2e2e2e),
(79, 0x797979792d6d6d2d6464, 0x797979792d6d6d2d6464, '', 0x797979792d6d6d2d6464, 0x2e2e2e),
(80, 0x4e616d65, 0x4e616d65, '', 0x4e61766e, 0x2e2e2e),
(81, 0x5573657274797065, 0x5573657274797065, '', 0x42727567657274797065, 0x2e2e2e),
(82, 0x456d61696c, 0x456d61696c, '', 0x456d61696c, 0x2e2e2e),
(83, 0x50726576696f7573203135, 0x50726576696f7573203135, '', 0x466f7272696765203135, 0x2e2e2e),
(84, 0x4e657874203135, 0x4e657874203135, '', 0x4ec3a6737465203135, 0x2e2e2e),
(85, 0x50617373206d616e2e, 0x50617373206d616e2e, '', 0x476f646b656e64206d616e2e, 0x2e2e2e),
(87, 0x416464, 0x416464, '', 0x54696c66c3b86a, 0x2e2e2e),
(88, 0x4261636b20746f2061646d696e2073697465, 0x4261636b20746f2061646d696e2073697465, '', 0x54696c626167652074696c2061646d696e20736964656e, 0x2e2e2e),
(89, 0x53617665, 0x53617665, '', 0x47656d, 0x2e2e2e),
(90, 0x50617373, 0x50617373, '', 0x476f646b656e64, 0x2e2e2e),
(91, 0x496e74657276616c, 0x496e74657276616c, '', 0x496e74657276616c, 0x2e2e2e),
(92, 0x416c6c6f7765643a, 0x416c6c6f7765643a, '', 0x416467616e673a, 0x2e2e2e),
(93, 0x4e6f7420616c6c6f7765643a, 0x4e6f7420616c6c6f7765643a, '', 0x496b6b6520616467616e673a, 0x2e2e2e),
(94, 0x4e6f2074657374, 0x4e6f2074657374, '', 0x496e67656e20746573742074696c6b6e79747465742064657474652070726f6a656b74, 0x2e2e2e),
(95, 0x53697465, 0x53697465, '', 0x53696465, 0x2e2e2e),
(96, 0x5465737473756974652070617468, 0x5465737473756974652070617468, '', 0x54657374737569746520737469, 0x2e2e2e),
(97, 0x5452206c6f636174696f6e, 0x5465737452756e6e65722e68746d6c206c6f636174696f6e, '', 0x5465737452756e6e65722e68746d6c20706c61636572696e67, 0x2e2e2e),
(98, 0x4e6f2070726f6a656374207369746573206174746163686564, 0x4e6f2070726f6a656374207369746573206174746163686564, '', 0x496e67656e2070726f6a656b742073696465722074696c6b6e7974746574, 0x2e2e2e),
(99, 0x416464207369746520746f20746869732070726f6a656374, 0x416464207369746520746f20746869732070726f6a656374, '', 0x54696c6b6e797420736964652074696c2064657474652070726f6a656b74, 0x2e2e2e),
(100, 0x4164642070726f6a656374, 0x4164642070726f6a656374, '', 0x54696c66c3b86a2070726f6a656b74, 0x2e2e2e),
(101, 0x44656c657465, 0x44656c657465, '', 0x536c6574, 0x2e2e2e),
(102, 0x636f6e6669726d44656c657465, 0x41726520796f75207375726520796f752077616e7420746f2064656c65746520746869733f, '', 0x45722064752073696b6b65722070c3a52064752076696c20736c657474652064657474653f, 0x2e2e2e),
(103, 0x416464207465737420746f20746869732070726f6a656374, 0x416464207465737420746f20746869732070726f6a656374, '', 0x54696c66c3b86a20746573742074696c2064657474652070726f6a656b74, 0x2e2e2e),
(104, 0x4e6f2070726f6a656374206465736372697074696f6e, 0x436f6c6c6563747320616c6c2074657374737569746573207468617420646f6573206e6f74206861766520612070726f6a65637420737065636966696564, '', 0x4f7073616d6c657220616c6c6520746573747375697465722064657220696b6b65206861722065742070726f6a656b742074696c6b6e7974746574, 0x2e2e2e),
(105, 0x596f75206861766520746f2063686f6f7365203220737569746573, 0x596f75206861766520746f2063686f6f7365203220737569746573, '', 0x447520736b616c2076c3a66c6765203220737569746572, 0x2e2e2e),
(106, 0x52756e2074657374, 0x52756e2074657374, '', 0x4bc3b8722074657374, 0x2e2e2e),
(108, 0x47656e657261746520746573746c696e6b, 0x47656e657261746520646972656374206c696e6b20746f20746869732074657374, '', 0x47656e6572657220646972656b7465206c696e6b2074696c2064656e6e652074657374, 0x2e2e2e),
(109, 0x446972656374206c696e6b207761726e696e67, 0x5761726e696e672120596f757220757365726e616d6520616e642070617373776f7264206973207265616461626c6520696e2074686520646972656374206c696e6b, '', 0x416476617273656c2120446974206272756765726e61766e206f67206b6f64652065722073796e6c69677420692064657420646972656b7465206c696e6b, 0x2e2e2e),
(110, 0x4669727374206e616d65, 0x4669727374206e616d65, '', 0x466f726e61766e, 0x2e2e2e),
(111, 0x4c617374206e616d65, 0x4c617374206e616d65, '', 0x45667465726e61766e, 0x2e2e2e),
(112, 0x537461747573, 0x537461747573, '', 0x537461747573, 0x2e2e2e),
(113, 0x526571756972656d656e74, 0x526571756972656d656e74, '', 0x4b726176, 0x2e2e2e),
(114, 0x4e72, 0x4e72, '', 0x4e72, 0x2e2e2e),
(115, 0x4f532f42726f7773657220726571756972656d656e7473, 0x4f532f42726f7773657220726571756972656d656e7473, '', 0x4f532f42726f77736572206b726176, 0x2e2e2e),
(116, 0x4e6f20616363657373, 0x596f7520646f6e7420686176652061636365737320746f20646f2074686973, '', 0x44752068617220696b6b6520616467616e672074696c20617420756466c3b872652064656e6e65206f7065726174696f6e, 0x2e2e2e),
(117, 0x417574686f72, 0x417574686f72, '', 0x466f72666174746572, 0x2e2e2e),
(118, 0x4564697420726571756972656d656e7473, 0x4564697420726571756972656d656e7473, '', 0x52656469676572206b726176, 0x2e2e2e),
(119, 0x5369746520746f20626520746573746564, 0x5369746520746f20626520746573746564, '', 0x536964652064657220736b616c207465737465732070c3a5, 0x2e2e2e),
(120, 0x4e6f6465206c6f636174696f6e, 0x4e6f6465206c6f636174696f6e, '', 0x4e6f646520706c61636572696e67, 0x2e2e2e),
(121, 0x54797065, 0x54797065, '', 0x54797065, 0x2e2e2e),
(122, 0x43686f6f73652074797065, 0x43686f6f73652074797065, '', 0x56c3a66c672074797065, 0x2e2e2e),
(123, 0x43686f6f7365, 0x43686f6f7365, '', 0x56c3a66c67, 0x2e2e2e),
(124, 0x526571756972656d656e7473, 0x526571756972656d656e7473, '', 0x4b726176, 0x2e2e2e),
(125, 0x4852, 0x48756d616e207265736f7572636573, '', 0x4d656e6e65736b656c696765207265736f7572636572, 0x2e2e2e),
(126, 0x50726f6a65637473, 0x50726f6a65637473, '', 0x50726f6a656b746572, 0x2e2e2e),
(127, 0x5375626d6974, 0x5375626d6974, '', 0x5375626d6974, 0x2e2e2e),
(128, 0x54657374706c616e, 0x54657374706c616e, '', 0x54657374706c616e, 0x2e2e2e),
(129, 0x5465737472756e6e6572, 0x546573742072756e6e6572, '', 0x54657374206bc3b8726572, 0x2e2e2e),
(130, 0x5465737472756e6e6572206e6f646573, 0x5465737472756e6e6572206e6f646573, '', 0x5465737472756e6e6572206e6f646572, 0x2e2e2e),
(131, 0x5465737472756e6e657220636f7265, 0x5465737472756e6e657220636f7265, '', 0x5465737472756e6e657220636f7265, 0x2e2e2e),
(132, 0x436f7265207465737473, 0x436f7265207465737473, '', 0x436f7265207465737473, 0x2e2e2e),
(133, 0x4e6f6465207465737473, 0x4e6f6465207465737473, '', 0x4e6f6465207465737473, 0x2e2e2e),
(134, 0x4564697420636f7265207369746573, 0x4564697420636f7265207369746573, '', 0x5265646967657220636f7265207369646572, 0x2e2e2e),
(135, 0x436f7265207369746573, 0x436f7265207369746564, '', 0x436f7265207369646572, 0x2e2e2e),
(136, 0x4e6f6465207369746573, 0x4e6f6465207369746573, '', 0x4e6f6465207369646572, 0x2e2e2e),
(137, 0x4f53, 0x4f53, '', 0x4f53, 0x2e2e2e),
(138, 0x42726f7773657273, 0x42726f7773657273, '', 0x42726f7773657265, 0x2e2e2e),
(139, 0x5479706573, 0x5479706573, '', 0x5479706572, 0x2e2e2e),
(140, 0x45646974206e6f646573, 0x45646974206e6f646573, '', 0x52656469676572206e6f646572, 0x2e2e2e),
(141, 0x547970652070617468, 0x547970652070617468, '', 0x5479706520737469, 0x2e2e2e),
(142, 0x416464206e6f6465, 0x416464206e6f6465, '', 0x54696c66c3b86a206e6f6465, 0x2e2e2e),
(143, 0x45646974206d697363, 0x45646974206d697363, '', 0x52656469676572206469762e, 0x2e2e2e),
(144, 0x547970656e616d65, 0x54797065206e616d65, '', 0x54797065206e61766e, 0x2e2e2e),
(145, 0x4164642074797065, 0x4164642074797065, '', 0x54696c66c3b86a2074797065, 0x2e2e2e),
(146, 0x4164642062726f77736572, 0x4164642062726f77736572, '', 0x54696c66c3b86a2062726f77736572, 0x2e2e2e),
(147, 0x416464204f53, 0x416464204f53, '', 0x54696c66c3b86a204f53, 0x2e2e2e),
(148, 0x416363657373, 0x416363657373, '', 0x416467616e67, 0x2e2e2e),
(149, 0x4e6f6465, 0x4e6f6465, '', 0x4e6f6465, 0x2e2e2e),
(150, 0x46545020616363657373, 0x46545020616363657373, '', 0x46545020616363657373, 0x2e2e2e),
(151, 0x43686f6f7365206e6f6465, 0x43686f6f7365206e6f6465, '', 0x56c3a66c67206e6f6465, 0x2e2e2e),
(152, 0x4775657374206163636f756e74, 0x4775657374206163636f756e74, '', 0x47c3a6737465206b6f6e746f, 0x2e2e2e),
(153, 0x4775657374206e616d65, 0x4775657374206e616d65, '', 0x47c3a6737465206e61766e, 0x2e2e2e),
(154, 0x47756573742070617373776f7264, 0x47756573742070617373776f7264, '', 0x47c3a6737465206b6f64656f7264, 0x2e2e2e),
(155, 0x4564697420757365727479706520616363657373, 0x4564697420757365727479706520616363657373, '', 0x52656469676572206272756765727479706520616467616e67, 0x2e2e2e),
(156, 0x43686f6f7365207573657274797065, 0x43686f6f7365207573657274797065, '', 0x56c3a66c672062727567657274797065, 0x2e2e2e),
(157, 0x5369746573, 0x5369746573, '', 0x5369646572, 0x2e2e2e),
(158, 0x4164642073697465, 0x4164642073697465, '', 0x54696c66c3b86a2073696465, 0x2e2e2e),
(159, 0x6e6f636c6f73656d7367, 0x5465737473756974652072756e6e696e672e20446f206e6f7420636c6f73652077696e646f7720756e74696c6c2069742066696e6973686573206c6f6164696e67, '', 0x54657374206bc3b87265722e204c756b20696b6b652076696e647565742066c3b87220736964656e2065722066c3a672646967206d656420617420696e646cc3a67365, 0x2e2e2e),
(161, 0x54657374696e67, 0x54657374696e67, '', 0x546573746572, 0x2e2e2e),
(162, 0x557365727479706573, 0x557365727479706573, '', 0x4272756765727479706572, 0x2e2e2e),
(163, 0x416464207573657274797065, 0x416464207573657274797065, '', 0x54696c66c3b86a2062727567657274797065, 0x2e2e2e),
(164, 0x5363686564756c65207465737473, 0x5363686564756c65207465737473, '', 0x506c616e6cc3a6672074657374, 0x2e2e2e),
(165, 0x416464207363686564756c65642074657374, 0x416464207363686564756c65642074657374, '', 0x54696c66c3b86a20706c616e6c6167742074657374, 0x2e2e2e),
(166, 0x416c6c206d696e75746573, 0x416c6c206d696e75746573, '', 0x416c6c65206d696e7574746572, 0x2e2e2e),
(167, 0x416c6c20686f757273, 0x416c6c20686f757273, '', 0x416c6c652074696d6572, 0x2e2e2e),
(168, 0x416c6c2064617973, 0x416c6c2064617973, '', 0x416c6c652064616765, 0x2e2e2e),
(169, 0x416c6c206d6f6e746873, 0x416c6c206d6f6e746873, '', 0x416c6c65206dc3a56e65646572, 0x2e2e2e),
(170, 0x416c6c207765656b64617973, 0x416c6c207765656b64617973, '', 0x416c6c652075676564616765, 0x2e2e2e),
(171, 0x4d696e757465, 0x4d696e757465, '', 0x4d696e7574, 0x2e2e2e),
(172, 0x486f7572, 0x486f7572, '', 0x54696d65, 0x2e2e2e),
(173, 0x446179, 0x446179, '', 0x44616765, 0x2e2e2e),
(174, 0x4d6f6e7468, 0x4d6f6e7468, '', 0x4dc3a56e6564, 0x2e2e2e),
(175, 0x5765656b646179, 0x5765656b646179, '', 0x556765646167, 0x2e2e2e),
(176, 0x5461736b, 0x5461736b, '', 0x4f7067617665, 0x2e2e2e),
(177, 0x5374617274, 0x5374617274, '', 0x5374617274, 0x2e2e2e),
(178, 0x486f6d65, 0x486f6d65, '', 0x486a656d, 0x2e2e2e),
(179, 0x43686f6f7365206461746166696c65, 0x43686f6f7365206461746166696c65, '', 0x56c3a66c67206461746166696c, 0x2e2e2e),
(180, 0x5468657265206973206e6f20646966666572656e6365, 0x5468657265206973206e6f20646966666572656e6365, '', 0x446520657220656e73, 0x2e2e2e),
(181, 0x596f75206861766520746f2063686f6f736520322072756e73206f66207468652073616d6520746573747375697465, 0x596f75206861766520746f2063686f6f736520322072756e73206f66207468652073616d6520746573747375697465, '', 0x447520736b616c2076c3a66c6765203220726170706f72746572206672612064656e2073616d6d652074657374207375697465, 0x2e2e2e),
(204, 0x53686f7720636f6d6d656e7473, 0x53686f7720636f6d6d656e7473, '', 0x566973206b6f6d6d656e7461726572, 0x2e2e2e),
(183, 0x53686f7720726571756972656d656e7473, 0x53686f7720726571756972656d656e7473, '', 0x566973206b726176737461747573, 0x2e2e2e),
(184, 0x43686f6f736520796f75722063757272656e742062726f77736572, 0x43686f6f736520796f75722063757272656e742062726f77736572, '', 0x56c3a66c672064696e206e7576c3a672656e64652062726f77736572, 0x2e2e2e),
(185, 0x43686f6f736520796f75722063757272656e74204f53, 0x43686f6f736520796f75722063757272656e74204f53, '', 0x56c3a66c6720646974206e7576c3a672656e646520737479726573797374656d, 0x2e2e2e),
(186, 0x416464206e6577204f532f62726f7773657220746f207468697320726571756972656d656e7473, 0x416464206e6577204f532f62726f7773657220746f207468697320726571756972656d656e7473, '', 0x54696c66c3b86a206e794f532f62726f777365722074696c206465747465206b726176, 0x2e2e2e),
(187, 0x416464206e6577, 0x416464206e6577, '', 0x54696c66c3b86a206e79, 0x2e2e2e),
(188, 0x5465737420506c616e, 0x5465737420506c616e, '', 0x5465737420506c616e, 0x2e2e2e),
(189, 0x416464207465737420746f207468697320726571756972656d656e74, 0x416464207465737420746f207468697320726571756972656d656e74, '', 0x54696c66c3b86a20746573742074696c206465747465206b726176, 0x2e2e2e),
(190, 0x5072696f72697479, 0x5072696f72697479, '', 0x5072696f7269746574, 0x2e2e2e),
(191, 0x557267656e74, 0x557267656e74, '', 0x5964657273742076696774696774, 0x2e2e2e),
(192, 0x566572792068696768, 0x566572792068696768, '', 0x4d6567657420766967746967, 0x2e2e2e),
(193, 0x48696768, 0x48696768, '', 0x566967746967, 0x2e2e2e),
(194, 0x4d656469756d, 0x4d656469756d, '', 0x4d656c6c656d, 0x2e2e2e),
(195, 0x4c6f77, 0x4c6f77, '', 0x4c6176, 0x2e2e2e),
(196, 0x44697361626c6564, 0x44697361626c6564, '', 0x4465616b74697665726574, 0x2e2e2e),
(197, 0x537569746520726573756c7473, 0x537569746520726573756c7473, '', 0x537569746520726573756c7461746572, 0x2e2e2e),
(198, 0x6d6174726978, 0x4f53202f2042726f77736572206d6174726978, '', 0x537479726573797374656d202f2042726f77736572206d6174726978, 0x2e2e2e),
(199, 0x56696577204d6174726978, 0x56696577204d6174726978, '', 0x566973204d617472696365, 0x2e2e2e),
(200, 0x636c6f7365, 0x436c6f7365, '', 0x4c756b, 0x2e2e2e),
(201, 0x53686f772066756c6c2064657363, 0x53686f772066756c6c206465736372697074696f6e, '', 0x5669732068656c65206265736b726976656c73656e, 0x2e2e2e),
(202, 0x4e6574776f726b5f6472697665, 0x4e6574776f726b206472697665, '', 0x4e657476c3a6726b7364726576, 0x2e2e2e),
(203, 0x577269746520636f6d6d656e74, 0x577269746520636f6d6d656e7420746f20746869732074657374, '', 0x536b726976206b6f6d6d656e7461722074696c2064656e6e652074657374, 0x2e2e2e),
(205, 0x486561646c696e65, 0x486561646c696e65, '', 0x4f766572736b72696674, 0x2e2e2e),
(206, 0x436f6d6d656e74, 0x436f6d6d656e74, '', 0x4b6f6d6d656e746172, 0x2e2e2e),
(207, 0x566965772053637265656e73686f74, 0x566965772073637265656e73686f74206f662074686973206572726f72, '', 0x56697320736bc3a6726d62696c6c6564652061662066656a6c656e, 0x2e2e2e),
(208, 0x446174652074696d65, 0x446174652074696d65, '', 0x4461746f20746964, 0x2e2e2e),
(209, 0x53656e6420746f20616e616c79736973, 0x53656e6420746f20616e616c79736973, '', 0x53656e642074696c20616e616c797365, 0x2e2e2e),
(210, 0x416e616c79736973, 0x416e616c79736973, '', 0x416e616c797365, 0x2e2e2e),
(211, 0x53656e6420746f207261772064617461, 0x53656e6420746f207261772064617461, '', 0x53656e642074696c2072c3a52064617461, 0x2e2e2e),
(212, 0x5261772064617461, 0x5261772064617461, '', 0x52c3a52064617461, 0x2e2e2e),
(213, 0x536974657320746f2074657374, 0x536974657320746f2074657374, '', 0x53696465722064657220736b616c20746573746573, 0x2e2e2e),
(214, 0x53686f772064656665637473, 0x53686f772064656665637473, '', 0x56697320646566656b746572, 0x2e2e2e),
(215, 0x41646420646566656374, 0x41646420646566656374, '', 0x54696c66c3b86a20646566656b74, 0x2e2e2e),
(216, 0x50617373206d616e75616c6c79, 0x50617373206d616e75616c6c79, '', 0x476f646b656e64206d616e75656c74, 0x2e2e2e),
(217, 0x4d616e75616c6c7920706173736564, 0x4d616e75616c6c7920706173736564, '', 0x4d616e75656c7420676f646b656e6474, 0x2e2e2e),
(218, 0x52656d6f7665206d616e75616c2070617373, 0x52656d6f7665206d616e75616c2070617373, '', 0x466a65726e206d616e75656c20676f646b656e64656c7365, 0x2e2e2e),
(219, 0x526571206e756d, 0x526571756972656d656e74206e6f2e, '', 0x4b726176206e722e, 0x2e2e2e),
(220, 0x526571206e616d65, 0x526571756972656d656e74206e616d65, '', 0x4b726176206e61766e, 0x2e2e2e),
(221, 0x43726561746564, 0x43726561746564, '', 0x4f70726574746574, 0x2e2e2e),
(222, 0x43726561746564206279, 0x43726561746564206279, '', 0x4f70726574746574206166, 0x2e2e2e),
(223, 0x4c6173742075706461746564, 0x4c6173742075706461746564, '', 0x536964737420757064617465726574, 0x2e2e2e),
(224, 0x55706461746564206279, 0x55706461746564206279, '', 0x4f7064617465726574206166, 0x2e2e2e),
(225, 0x41666665637465642052657173, 0x416666656374656420526571756972656d656e7473, '', 0x50c3a57669726b656465206b726176, 0x2e2e2e),
(226, 0x446566656374, 0x446566656374, '', 0x446566656b74, 0x2e2e2e),
(227, 0x44656372697074696f6e, 0x44656372697074696f6e, '', 0x4265736b726976656c7365, 0x2e2e2e),
(228, 0x436f6d6d656e7473, 0x436f6d6d656e7473, '', 0x4b6f6d6d656e7461726572, 0x2e2e2e),
(229, 0x41646420636f6d6d656e74, 0x41646420636f6d6d656e74, '', 0x54696c66c3b86a206b6f6d6d656e746172, 0x2e2e2e),
(230, 0x52657173206f76657276696577, 0x526571756972656d656e74206f76657276696577, '', 0x4b726176206f766572626c696b, 0x2e2e2e),
(231, 0x44656665637473, 0x44656665637473, '', 0x446566656b746572, 0x2e2e2e),
(232, 0x50726f70657274696573, 0x50726f70657274696573, '', 0x4567656e736b61626572, 0x2e2e2e),
(233, 0x4572726f7220696e2074657374, 0x4572726f7220696e2074657374, '', 0x46656a6c20692074657374656e, 0x2e2e2e),
(235, 0x4f70656e, 0x4f70656e, '', 0xc38562656e, 0x2e2e2e),
(236, 0x496e2050726f6772657373, 0x496e2050726f6772657373, '', 0x4967616e6776c3a672656e6465, 0x2e2e2e),
(237, 0x5265736f6c766564, 0x5265736f6c766564, '', 0x50726f626c656d206cc3b87374, 0x2e2e2e),
(238, 0x52656a6563746564, 0x52656a6563746564, '', 0x416676697374, 0x2e2e2e),
(239, 0x506c616e2074657374, 0x506c616e20746869732074657374, '', 0x506c616e6cc3a6672074657374, 0x2e2e2e),
(240, 0x54657374206e616d65, 0x54657374206e616d65, '', 0x54657374206e61766e, 0x2e2e2e),
(241, 0x48656c70, 0x48656c70, '', 0x486ac3a66c70, 0x2e2e2e),
(242, 0x54696d652064617465, 0x54696d652064617465, '', 0x546964204461746f, 0x2e2e2e),
(243, 0x4d616e75616c2072756e6e6572, 0x4d616e75616c2072756e6e6572, '', 0x4d616e75656c20746573746bc3b87273656c, 0x2e2e2e),
(244, 0x546573746361736573, 0x546573746361736573, '', 0x546573746361736573, 0x2e2e2e),
(245, 0x45646974, 0x45646974, '', 0x52656469676572, 0x2e2e2e),
(246, 0x6f72, 0x6f72, '', 0x656c6c6572, 0x2e2e2e),
(247, 0x54657374206e616d652068656c70, 0x54657374206e616d652063616e6e6f7420636f6e7461696e20616e7920737061636573206f72207370656369616c2063686172616374657273, '', 0x54657374206e61766e206dc3a520696b6b6520696e6465686f6c6465206e6f676c65206d656c6c656d72756d20656c6c6572207370656369656c6c65207465676e28626c2e612e20c3a62c20c3b8206f6720c3a529, 0x2e2e2e),
(248, 0x5265616374696f6e, 0x5265616374696f6e, '', 0x53797374656d657420737661726572, 0x2e2e2e),
(249, 0x416374696f6e, 0x416374696f6e, '', 0x44752067c3b872, 0x2e2e2e),
(250, 0x746573746361736520657175616c732074657374, 0x43686f6f73652074686520746573746361736520746865207465737420657175616c73, '', 0x56c3a66c672064656e20746573746361736520736f6d207465737420706173736572206d6564, 0x2e2e2e),
(251, 0x43686f6f736520612066696c6520746f2075706c6f6164, 0x43686f6f736520612066696c6520746f2075706c6f6164, '', 0x56c3a66c672066696c20736f6d20736b616c2075706c6f61646573, 0x2e2e2e),
(252, 0x416476616e636564204654502066756e6374696f6e616c697479, 0x416476616e636564204654502066756e6374696f6e616c697479, '', 0x416476616e636572657420465450, 0x2e2e2e),
(253, 0x416c72656164792075706c6f61646564207465737473, 0x416c72656164792075706c6f61646564207465737473, '', 0x416c6c65726564652075706c6f61646564652074657374, 0x2e2e2e),
(254, 0x436f6e666967, 0x436f6e666967, '', 0x4b6f6e66696775726572696e67, ''),
(255, 0x54797065206f6620646566656374, 0x54797065206f6620646566656374, '', 0x446566656b742074797065, ''),
(256, 0x54797065206f662064656665637420737461747573, 0x54797065206f662064656665637420737461747573, '', 0x446566656b7420737461747573207479706520, ''),
(257, 0x5661726961626c65, 0x5661726961626c65, '', 0x566172696162656c, ''),
(258, 0x56616c7565, 0x56616c7565, '', 0x56c3a6726469, ''),
(259, 0x4564697420636f726520737569746573, 0x4564697420636f726520737569746573, '', 0x5265646967657220636f726520737569746573, ''),
(260, 0x416c72656164792075706c6f61646564, 0x416c72656164792075706c6f61646564, '', 0x416c6c65726564652075706c6f61646574, ''),
(261, 0x45646974206e6f6465207465737473, 0x45646974206e6f6465207465737473, '', 0x52656469676572206e6f6465207465737473, ''),
(262, 0x54657374206572726f72, 0x54657374206572726f72, '', 0x546573742066656a6c, ''),
(263, 0x52657175657374, 0x52657175657374, '', 0x416e6d6f646e696e67, ''),
(264, 0x46756e6374696f6e616c697479, 0x46756e6374696f6e616c697479, '', 0x46756e6b74696f6e616c69746574, ''),
(265, 0x4c61796f7574, 0x4c61796f7574, '', 0x4c61796f7574, ''),
(266, 0x44617461, 0x44617461, '', 0x44617461, ''),
(267, 0x526561647920666f722074657374, 0x526561647920666f722074657374, '', 0x4b6c61722074696c2074657374, ''),
(268, 0x496d6167652070617468, 0x496d6167652070617468, '', 0x42696c6c6564737469, ''),
(269, 0x436f6d6d656e74206164646564, 0x436f6d6d656e74206164646564, '', 0x4b6f6d6d656e7461722074696c66c3b86a6574, ''),
(270, 0x416c7265616479206578697374, 0x616c7265616479206578697374, '', 0x656b736973746572657220616c6c6572656465, ''),
(271, 0x6973206d697373696e67, 0x6973206d697373696e67, '', 0x6d616e676c6572, ''),
(272, 0x4f532d62726f7773657220636f6d626920616c7265616479206578697374, 0x54686174204f532f42726f7773657220636f6d62696e6174696f6e20616c7265616479206578697374, '', 0x44656e204f532f42726f77736572206b6f6d62696e6174696f6e20656b736973746572657220616c6c6572656465, ''),
(273, 0x52657120776974682073616d65206e72206578697374, 0x4120726571756972656d656e7420776974682073616d6520756e69717565206e7220616c7265616479206578697374, '', 0x4465722066696e64657320616c6c6572656465206574206b7261762c206d65642064657420756e696b6b65206e72, ''),
(274, 0x426f746820616374696f6e206669656c6473206d75737420636f6e7461696e2074657874, 0x426f746820616374696f6e206669656c6473206d75737420636f6e7461696e2074657874, '', 0x42656767652068616e646c696e677366656c74657220736b616c20756466796c646573, ''),
(275, 0x6d757374206e6f7420626520656d707479, 0x6d757374206e6f7420626520656d707479, '', 0x6dc3a520696b6b652076c3a6726520626c616e6b65, ''),
(276, 0x616e64, 0x616e64, '', 0x6f67, ''),
(277, 0x53616d652070726f6a656374206e616d65206572726f72, 0x596f752063616e6e6f74206861766520322070726f6a656374732077697468207468652073616d65206e616d65, '', 0x322070726f6a656b746572206d65642073616d6d65206e61766e20657220696b6b652074696c6c616474, ''),
(278, 0x4e616d6520636f6e7461696e7320696c6c6567616c2063686172616374657273, 0x4e616d6520636f6e7461696e7320696c6c6567616c2063686172616374657273, '', 0x4e61766e20696e6465686f6c646572207567796c64696765206b6172616b746572, ''),
(279, 0x416c6c206669656c6473206d7573742062652066696c6c6564206f7574, 0x416c6c206669656c6473206d7573742062652066696c6c6564206f7574, '', 0x416c6c652066656c74657220736b616c2076c3a6726520756466796c6474, ''),
(280, 0x4174746163686d656e74, 0x4174746163686d656e74, '', 0x56656468c3a6667465742066696c, ''),
(281, 0x53756363657366756c6c7920696e736572746564, 0x53756363657366756c6c7920696e736572746564, '', 0x53756363657366756c6420696e6473c3a6746e696e67206166, ''),
(282, 0x6f7574206f66, 0x6f7574206f66, '', 0x7564206166, ''),
(283, 0x7465737473, 0x7465737473, '', 0x7465737473, ''),
(284, 0x636f6d6d616e6473, 0x636f6d6d616e6473, '', 0x6b6f6d6d616e646f6572, ''),
(285, 0x546573742073746172746564, 0x546573742073746172746564, '', 0x546573742073746172746574, ''),
(286, 0x4e6f207465737473, 0x4e6f20746573747320617661696c61626c65, '', 0x496e67656e20746573742074696c67c3a66e67656c696765, ''),
(287, 0x41737369676e656420746f, 0x41737369676e656420746f, '', 0x54696c64656c742074696c, '');

-- --------------------------------------------------------

-- 
-- Struktur-dump for tabellen `TRM_langlist`
-- 

CREATE TABLE `TRM_langlist` (
  `ID` int(11) NOT NULL auto_increment,
  `abbrv` varchar(255) character set latin1 NOT NULL,
  `full` varchar(255) character set latin1 NOT NULL,
  PRIMARY KEY  (`ID`)
) ENGINE=MyISAM  DEFAULT CHARSET=utf8 COLLATE=utf8_bin AUTO_INCREMENT=7 ;

-- 
-- Data dump for tabellen `TRM_langlist`
-- 

INSERT INTO `TRM_langlist` (`ID`, `abbrv`, `full`) VALUES 
(1, 'dk', 'Danish'),
(2, 'en', 'English'),
(6, 'de', 'German');

-- --------------------------------------------------------

-- 
-- Struktur-dump for tabellen `TRM_nodes`
-- 

CREATE TABLE `TRM_nodes` (
  `ID` int(11) NOT NULL auto_increment,
  `nodepath` varchar(255) collate utf8_bin NOT NULL,
  `o_id` int(11) NOT NULL,
  `description` longtext collate utf8_bin NOT NULL,
  `network_drive` varchar(255) collate utf8_bin NOT NULL,
  PRIMARY KEY  (`ID`)
) ENGINE=MyISAM  DEFAULT CHARSET=utf8 COLLATE=utf8_bin AUTO_INCREMENT=23 ;

-- 
-- Data dump for tabellen `TRM_nodes`
-- 

INSERT INTO `TRM_nodes` (`ID`, `nodepath`, `o_id`, `description`, `network_drive`) VALUES 
(15, 0x31302e302e302e31, 1, 0x5669737461206e6f6465, 0x7365727665722f70726f642f);

-- --------------------------------------------------------

-- 
-- Struktur-dump for tabellen `TRM_nodes_browsers`
-- 

CREATE TABLE `TRM_nodes_browsers` (
  `ID` int(11) NOT NULL auto_increment,
  `b_id` int(11) NOT NULL,
  `n_id` int(11) NOT NULL,
  `browser_path` varchar(255) collate utf8_bin NOT NULL,
  PRIMARY KEY  (`ID`)
) ENGINE=MyISAM  DEFAULT CHARSET=utf8 COLLATE=utf8_bin AUTO_INCREMENT=4 ;

-- 
-- Data dump for tabellen `TRM_nodes_browsers`
-- 

INSERT INTO `TRM_nodes_browsers` (`ID`, `b_id`, `n_id`, `browser_path`) VALUES 
(1, 3, 15, 0x2a66697265666f78),
(2, 10, 15, 0x2a6368726f6d65),
(3, 11, 15, 0x2a6965687461);

-- --------------------------------------------------------

-- 
-- Struktur-dump for tabellen `TRM_projectList`
-- 

CREATE TABLE `TRM_projectList` (
  `id` int(11) NOT NULL auto_increment,
  `userID` int(11) NOT NULL default '0',
  `projectID` int(11) NOT NULL default '0',
  `access` int(1) NOT NULL default '0',
  PRIMARY KEY  (`id`)
) ENGINE=MyISAM  DEFAULT CHARSET=utf8 COLLATE=utf8_bin AUTO_INCREMENT=1328 ;

-- 
-- Data dump for tabellen `TRM_projectList`
-- 

INSERT INTO `TRM_projectList` (`id`, `userID`, `projectID`, `access`) VALUES 
(644, 72, 1, 1),
(690, 1, 1, 1),
(966, 104, 1, 1),
(1327, 114, 122, 0),
(1326, 113, 122, 0),
(1325, 112, 122, 0),
(1239, 113, 1, 0),
(1233, 112, 1, 0),
(1324, 104, 122, 1),
(1323, 72, 122, 0),
(1245, 114, 1, 0),
(1322, 1, 122, 0);

-- --------------------------------------------------------

-- 
-- Struktur-dump for tabellen `TRM_projects`
-- 

CREATE TABLE `TRM_projects` (
  `id` int(11) NOT NULL auto_increment,
  `name` text character set latin1 NOT NULL,
  `description` text character set latin1 NOT NULL,
  `assigned` int(255) NOT NULL,
  PRIMARY KEY  (`id`)
) ENGINE=MyISAM  DEFAULT CHARSET=utf8 COLLATE=utf8_bin AUTO_INCREMENT=123 ;

-- 
-- Data dump for tabellen `TRM_projects`
-- 

INSERT INTO `TRM_projects` (`id`, `name`, `description`, `assigned`) VALUES 
(1, 'No project', '', 0),
(122, 'Sample', 'A sample project.', 0);

-- --------------------------------------------------------

-- 
-- Struktur-dump for tabellen `TRM_projects_has_sites`
-- 

CREATE TABLE `TRM_projects_has_sites` (
  `ID` int(11) NOT NULL auto_increment,
  `p_id` int(11) NOT NULL,
  `sitetotest` longtext collate utf8_bin NOT NULL,
  PRIMARY KEY  (`ID`)
) ENGINE=MyISAM  DEFAULT CHARSET=utf8 COLLATE=utf8_bin AUTO_INCREMENT=37 ;

-- 
-- Data dump for tabellen `TRM_projects_has_sites`
-- 

INSERT INTO `TRM_projects_has_sites` (`ID`, `p_id`, `sitetotest`) VALUES 
(36, 122, 0x687474703a2f2f7777772e6b72616b2e646b);

-- --------------------------------------------------------

-- 
-- Struktur-dump for tabellen `TRM_requirements`
-- 

CREATE TABLE `TRM_requirements` (
  `ID` int(11) NOT NULL auto_increment,
  `name` varchar(255) collate utf8_bin NOT NULL,
  `description` longtext collate utf8_bin NOT NULL,
  `p_id` int(11) NOT NULL,
  `nr` varchar(6) collate utf8_bin NOT NULL,
  `author` varchar(255) collate utf8_bin NOT NULL,
  `priority` enum('Urgent','Very high','High','Medium','Low') collate utf8_bin NOT NULL,
  `assigned` int(255) NOT NULL,
  PRIMARY KEY  (`ID`),
  UNIQUE KEY `p_id` (`p_id`,`nr`)
) ENGINE=MyISAM  DEFAULT CHARSET=utf8 COLLATE=utf8_bin AUTO_INCREMENT=328 ;

-- 
-- Data dump for tabellen `TRM_requirements`
-- 

INSERT INTO `TRM_requirements` (`ID`, `name`, `description`, `p_id`, `nr`, `author`, `priority`, `assigned`) VALUES 
(327, 0x536561726368, 0x41206465736372697074696f6e, 122, 0x3031, 0x61646d696e, 0x557267656e74, 0);

-- --------------------------------------------------------

-- 
-- Struktur-dump for tabellen `TRM_sites`
-- 

CREATE TABLE `TRM_sites` (
  `ID` int(11) NOT NULL auto_increment,
  `sitename` varchar(255) collate utf8_bin NOT NULL,
  `description` longtext collate utf8_bin NOT NULL,
  PRIMARY KEY  (`ID`),
  UNIQUE KEY `sitename` (`sitename`)
) ENGINE=MyISAM  DEFAULT CHARSET=utf8 COLLATE=utf8_bin AUTO_INCREMENT=97 ;

-- 
-- Data dump for tabellen `TRM_sites`
-- 

INSERT INTO `TRM_sites` (`ID`, `sitename`, `description`) VALUES 
(2, 0x6564697448522e706870, 0x417373696e672070656f706c6520746f2070726f6a65637473),
(54, 0x746573746c6162696e6465782e706870, 0x496e646578207061676520666f72207468652074657374206c6162),
(7, 0x636f726572756e6e65722e706870, 0x52756e7320636f7265207465737473),
(55, 0x61646d696e696e6465782e706870, 0x41646d696e20696e6465782070616765),
(59, 0x736176654e6f6465732e706870, 0x5361766573206e6f64652064617461),
(14, 0x6865616465722e706870, 0x496e636c7564656420696e206d6f73742066696c65732c20696e636c75646520636f7079726967687420616e64206c616e67756167652068616e646c6572),
(15, 0x696e6465782e706870, 0x4669727374207061676520746f20686974),
(58, 0x6564697443726f6e2e706870, 0x506c616e20746573747320746f2072756e20696e20746865206675747572652e205761726e696e6721212044616e6765726f75732e2043616e20706c616e20414e595448494e472121),
(18, 0x6d61696e2e706870, 0x53686f777320737569746520726573756c7473),
(19, 0x6d656e752e706870, 0x546865206272696768746c7920636f6c6f726564206d656e75),
(53, 0x70726f6a65637473696e6465782e706870, 0x50726f6a6563747320696e6465782070616765),
(24, 0x6564697450726f6a656374732e706870, 0x4372656174652f456469742070726f6a65637473),
(49, 0x70726f6a656374735375624d656e752e706870, 0x50726f6a6563747320737562206d656e75),
(51, 0x7361766555736572547970654163636573732e706870, 0x5361766520757365727479706520616363636573732064617461),
(68, 0x73686f7746756c6c526571732e706870, 0x53686f7720612073696e676c6520726571756972656d656e74207374796c656420666f72207072696e74696e67),
(29, 0x7361766548522e706870, 0x536176652070656f706c652f70726f6a6563742061737369676e6d656e7473),
(30, 0x7361766550726f6a656374732e706870, 0x53617665732070726f6a656374732064617461),
(32, 0x73686f775265706f72742e706870, 0x53686f77732074686520726573756c7473206f6620612073696e676c65207375746965),
(34, 0x746573746c61625375624d656e752e706870, 0x54657374206c616220737562206d656e75),
(50, 0x6564697455736572547970654163636573732e706870, 0x4564697420757365727479706520616363657373),
(37, 0x61646d696e5375624d656e752e706870, 0x41646d696e207375626d656e75),
(38, 0x64656c6574652e706870, 0x48616e646c657320616c6c2064656c65746573),
(39, 0x656469744d6973632e706870, 0x45646974206d6973632e20696e666f),
(40, 0x656469744e6f6465732e706870, 0x45646974206e6f64657320286c6f636174696f6e2f62726f7773657273206574632e29),
(41, 0x6564697453697465732e706870, 0x4564697420636f7265207369746573202854522070617468206574632e29),
(42, 0x6564697455736572732e706870, 0x456469742f616464207573657273),
(43, 0x736176654d6973632e706870, 0x5361766573206d6973632064617461),
(44, 0x7361766543726f6e2e706870, 0x5361766573207468652063726f6e746162),
(45, 0x7361766553697465732e706870, 0x536176657320636f72652073697465732064617461),
(46, 0x7361766555736572732e706870, 0x5361766520757365722064617461),
(79, 0x6d616e75616c746573742e706870, 0x50617274206f66206d616e75616c2074657374),
(67, 0x73617665526571756972656d656e74732e706870, 0x536176657320726571756972656d656e7473),
(78, 0x616464436f6d6d656e742e706870, 0x416464206120636f6d6d656e7420746f20616e797468696e67),
(61, 0x73746174757352432e706870, 0x53686f77732074686520737461747573206f66207468652072756e6e696e672052432074657374),
(62, 0x7465737452756e6e657252432e706870, 0x52756e73205243207465737473),
(63, 0x65646974526571756972656d656e74732e706870, 0x456469742074686520726571756972656d656e7473),
(64, 0x73686f77526571732e706870, 0x53686f7720616c6c20726571756972656d656e7473),
(65, 0x6564697454657374506c616e2e706870, 0x41737369676e20746573747320746f2070726f6a65637473),
(66, 0x54524d696e6465782e706870, 0x54524d20696e6465782070616765),
(70, 0x65646974546573742e706870, 0x70726f7065727469657320666f7220612073696e676c652074657374),
(71, 0x616e616c797369732e706870, 0x53686f77732074686520737569746573206d61726b656420666f7220616e616c79736973),
(72, 0x73686f77446566656374732e706870, 0x53686f7720616c6c2064656665637473),
(73, 0x65646974446566656374506f7075702e706870, 0x53686f777320612073696e676c652064656665637420696e206120706f7075702077696e646f77),
(74, 0x736176654465666563742e706870, 0x47656d6d65722f4f70646174657265722064656665637473),
(75, 0x73617665436f6d6d656e742e706870, 0x536176657320636f6d6d656e7473),
(83, 0x6d616e75616c436f6e74726f6c2e706870, 0x50617274206f66206d616e75616c2074657374),
(82, 0x736176654d616e5374617475732e706870, 0x536176652074686520726573756c74732063726561746520696e2061206d616e75616c2074657374),
(84, 0x6d616e75616c52756e6e65722e706870, 0x50617274206f66206d616e75616c2074657374),
(85, 0x6564697454657374436173652e706870, 0x456469742074657374206361736573),
(86, 0x6372656174654d616e53756974652e706870, 0x4372656174652061207375697465207768656e20796f752072756e2061206d616e75616c2074657374),
(87, 0x7361766554657374436173652e706870, 0x5361766520746573746361736573),
(88, 0x7361766554657374506c616e2e706870, 0x53617665732074657374706c616e),
(89, 0x73696d706c654654502e706870, 0x48616e646c65732075706c6f6164206f6620746573747320746f20736572766572),
(90, 0x75706c6f616465722e706870, 0x446f207468652061637475616c2075706c6f6164),
(91, 0x67656e6572696352756e6e65722e706870, 0x52756e20524320746573747320776974686f75742061207375697465),
(92, 0x65646974436f72655375697465732e706870, 0x4564697420636f726520737569746573),
(93, 0x73617665436f72655375697465732e706870, 0x5361766520636f726520737569746573),
(96, 0x616a617843726f6e2e706870, 0x617364),
(95, 0x646f776e6c6f61642e706870, '');

-- --------------------------------------------------------

-- 
-- Struktur-dump for tabellen `TRM_suite`
-- 

CREATE TABLE `TRM_suite` (
  `ID` int(10) unsigned NOT NULL auto_increment,
  `suitename` varchar(255) character set latin1 collate latin1_danish_ci NOT NULL,
  `environment` varchar(255) character set latin1 NOT NULL,
  `status` varchar(255) character set latin1 collate latin1_danish_ci NOT NULL default '0',
  `timeDate` datetime default NULL,
  `timeTaken` int(10) unsigned default NULL,
  `browser` varchar(255) character set latin1 collate latin1_danish_ci default NULL,
  `platform` varchar(255) character set latin1 collate latin1_danish_ci default NULL,
  `selenium_version` varchar(255) character set latin1 collate latin1_danish_ci default NULL,
  `selenium_revision` varchar(255) character set latin1 collate latin1_danish_ci default NULL,
  `numTestPassed` int(10) unsigned default NULL,
  `numTestFailed` int(10) unsigned default NULL,
  `numCommandsPassed` int(10) unsigned default NULL,
  `numCommandsFailed` int(10) unsigned default NULL,
  `numCommandsErrors` int(10) unsigned default NULL,
  `p_id` int(11) NOT NULL default '0',
  `analysis` tinyint(1) NOT NULL,
  PRIMARY KEY  (`ID`)
) ENGINE=MyISAM  DEFAULT CHARSET=utf8 COLLATE=utf8_bin AUTO_INCREMENT=4 ;

-- 
-- Data dump for tabellen `TRM_suite`
-- 

INSERT INTO `TRM_suite` (`ID`, `suitename`, `environment`, `status`, `timeDate`, `timeTaken`, `browser`, `platform`, `selenium_version`, `selenium_revision`, `numTestPassed`, `numTestFailed`, `numCommandsPassed`, `numCommandsFailed`, `numCommandsErrors`, `p_id`, `analysis`) VALUES 
(3, 'trille', 'http://www.krak.dk', '', '2008-04-30 18:20:43', 4, '1', '1', 'Manual Test', '', 1, 0, 1, 0, 0, 122, 1);

-- --------------------------------------------------------

-- 
-- Struktur-dump for tabellen `TRM_tempcommands`
-- 

CREATE TABLE `TRM_tempcommands` (
  `id` int(11) NOT NULL auto_increment,
  `u_id` varchar(255) collate utf8_bin NOT NULL,
  `action` text collate utf8_bin NOT NULL,
  `var1` text collate utf8_bin NOT NULL,
  `var2` text collate utf8_bin NOT NULL,
  `status` varchar(255) collate utf8_bin NOT NULL,
  PRIMARY KEY  (`id`)
) ENGINE=MyISAM  DEFAULT CHARSET=utf8 COLLATE=utf8_bin AUTO_INCREMENT=2 ;

-- 
-- Data dump for tabellen `TRM_tempcommands`
-- 


-- --------------------------------------------------------

-- 
-- Struktur-dump for tabellen `TRM_test`
-- 

CREATE TABLE `TRM_test` (
  `ID` int(10) unsigned NOT NULL auto_increment,
  `status` varchar(255) character set latin1 collate latin1_danish_ci default NULL,
  `name` varchar(45) character set latin1 collate latin1_danish_ci default NULL,
  `s_id` int(10) unsigned default NULL,
  `Thelp` longtext character set latin1 collate latin1_danish_ci NOT NULL,
  `manstatus` varchar(255) character set latin1 NOT NULL,
  `author` int(11) default NULL,
  PRIMARY KEY  (`ID`)
) ENGINE=MyISAM  DEFAULT CHARSET=utf8 COLLATE=utf8_bin AUTO_INCREMENT=4 ;

-- 
-- Data dump for tabellen `TRM_test`
-- 

INSERT INTO `TRM_test` (`ID`, `status`, `name`, `s_id`, `Thelp`, `manstatus`, `author`) VALUES 
(3, 'passed', 'trille', 3, 'intet hjælp', '', NULL);

-- --------------------------------------------------------

-- 
-- Struktur-dump for tabellen `TRM_type_of_defect_status`
-- 

CREATE TABLE `TRM_type_of_defect_status` (
  `id` int(11) NOT NULL auto_increment,
  `name` varchar(255) collate utf8_bin NOT NULL,
  `imgpath` text collate utf8_bin NOT NULL,
  `priority` int(11) NOT NULL,
  PRIMARY KEY  (`id`)
) ENGINE=MyISAM  DEFAULT CHARSET=utf8 COLLATE=utf8_bin AUTO_INCREMENT=43 ;

-- 
-- Data dump for tabellen `TRM_type_of_defect_status`
-- 

INSERT INTO `TRM_type_of_defect_status` (`id`, `name`, `imgpath`, `priority`) VALUES 
(4, 0x52656a6563746564, 0x696d672f72656a65637465642e706e67, 3),
(1, 0x4f70656e, 0x696d672f6f70656e2e706e67, 0),
(2, 0x496e2050726f6772657373, 0x696d672f696e70726f67726573732e706e67, 1),
(3, 0x5265736f6c766564, 0x696d672f7265736f6c7665642e706e67, 4),
(42, 0x526561647920666f722074657374, 0x696d672f7265616479666f72746573742e706e67, 2);

-- --------------------------------------------------------

-- 
-- Struktur-dump for tabellen `TRM_type_of_defects`
-- 

CREATE TABLE `TRM_type_of_defects` (
  `id` int(11) NOT NULL auto_increment,
  `priority` int(11) NOT NULL,
  `name` varchar(255) collate utf8_bin NOT NULL,
  `imgpath` text collate utf8_bin NOT NULL,
  PRIMARY KEY  (`id`)
) ENGINE=MyISAM  DEFAULT CHARSET=utf8 COLLATE=utf8_bin AUTO_INCREMENT=8 ;

-- 
-- Data dump for tabellen `TRM_type_of_defects`
-- 

INSERT INTO `TRM_type_of_defects` (`id`, `priority`, `name`, `imgpath`) VALUES 
(2, 4, 0x54657374206572726f72, 0x696d672f746573746572726f722e706e67),
(6, 3, 0x52657175657374, 0x696d672f726571756573742e706e67),
(1, 0, 0x46756e6374696f6e616c697479, 0x696d672f66756e6374696f6e616c6974792e706e67),
(5, 1, 0x4c61796f7574, 0x696d672f6c61796f75742e706e67),
(7, 2, 0x44617461, 0x696d672f646174612e706e67);

-- --------------------------------------------------------

-- 
-- Struktur-dump for tabellen `TRM_types`
-- 

CREATE TABLE `TRM_types` (
  `ID` int(11) NOT NULL auto_increment,
  `typename` varchar(255) collate utf8_bin NOT NULL,
  PRIMARY KEY  (`ID`)
) ENGINE=MyISAM  DEFAULT CHARSET=utf8 COLLATE=utf8_bin AUTO_INCREMENT=4 ;

-- 
-- Data dump for tabellen `TRM_types`
-- 

INSERT INTO `TRM_types` (`ID`, `typename`) VALUES 
(1, 0x72632d706870);

-- --------------------------------------------------------

-- 
-- Struktur-dump for tabellen `TRM_users`
-- 

CREATE TABLE `TRM_users` (
  `id` int(3) NOT NULL auto_increment,
  `firstname` varchar(255) character set utf8 collate utf8_bin NOT NULL,
  `lastname` varchar(255) character set utf8 collate utf8_bin NOT NULL,
  `name` varchar(255) character set latin1 collate latin1_danish_ci NOT NULL,
  `password` varchar(255) character set latin1 collate latin1_danish_ci NOT NULL,
  `usertype` int(11) NOT NULL default '1',
  `email` varchar(255) character set latin1 collate latin1_danish_ci NOT NULL,
  `lastLogin` datetime NOT NULL,
  PRIMARY KEY  (`id`)
) ENGINE=MyISAM  DEFAULT CHARSET=utf8 COLLATE=utf8_danish_ci AUTO_INCREMENT=116 ;

-- 
-- Data dump for tabellen `TRM_users`
-- 

INSERT INTO `TRM_users` (`id`, `firstname`, `lastname`, `name`, `password`, `usertype`, `email`, `lastLogin`) VALUES 
(72, 0x3132, 0x3132, 'selftester', '1234', 3, '', '2008-04-29 12:50:59'),
(1, 0x6775657374, 0x6775657374, 'guest', 'guest', 7, '', '0000-00-00 00:00:00'),
(104, 0x61646d696e, 0x61646d696e, 'admin', 'admin', 3, '', '2008-04-30 17:37:41'),
(113, '', '', 'service', '1234', 9, '', '2008-04-17 09:55:18'),
(112, '', '', 'tester', '1234', 5, '', '2008-04-17 09:48:40'),
(114, '', '', 'manager', '1234', 4, '', '2008-04-16 17:25:58');

-- --------------------------------------------------------

-- 
-- Struktur-dump for tabellen `TRM_usertype_access`
-- 

CREATE TABLE `TRM_usertype_access` (
  `ID` int(11) NOT NULL auto_increment,
  `ut_id` int(11) NOT NULL,
  `s_id` int(11) NOT NULL,
  `access` int(11) NOT NULL,
  PRIMARY KEY  (`ID`)
) ENGINE=MyISAM  DEFAULT CHARSET=utf8 COLLATE=utf8_bin AUTO_INCREMENT=883 ;

-- 
-- Data dump for tabellen `TRM_usertype_access`
-- 

INSERT INTO `TRM_usertype_access` (`ID`, `ut_id`, `s_id`, `access`) VALUES 
(583, 3, 64, 1),
(2, 3, 2, 1),
(564, 9, 61, 1),
(792, 9, 84, 1),
(364, 7, 53, 0),
(7, 3, 7, 1),
(744, 9, 78, 1),
(752, 9, 79, 1),
(420, 9, 39, 0),
(784, 9, 83, 1),
(751, 7, 79, 0),
(581, 1, 64, 0),
(14, 3, 14, 1),
(15, 3, 15, 1),
(580, 9, 63, 0),
(427, 9, 46, 0),
(18, 3, 18, 1),
(19, 3, 19, 1),
(796, 4, 85, 1),
(406, 9, 53, 0),
(378, 7, 55, 0),
(24, 3, 24, 1),
(336, 7, 49, 0),
(371, 7, 54, 0),
(579, 7, 63, 0),
(612, 9, 67, 0),
(29, 3, 29, 1),
(30, 3, 30, 1),
(783, 7, 83, 0),
(32, 3, 32, 1),
(350, 7, 51, 0),
(34, 3, 34, 1),
(776, 9, 82, 1),
(343, 7, 50, 0),
(37, 3, 37, 1),
(38, 3, 38, 1),
(39, 3, 39, 1),
(40, 3, 40, 1),
(41, 3, 41, 1),
(42, 3, 42, 1),
(43, 3, 43, 1),
(44, 3, 44, 1),
(45, 3, 45, 1),
(46, 3, 46, 1),
(48, 4, 2, 1),
(563, 7, 61, 0),
(791, 7, 84, 0),
(577, 5, 63, 1),
(53, 4, 7, 1),
(743, 7, 78, 0),
(419, 9, 38, 0),
(412, 9, 30, 0),
(576, 4, 63, 1),
(60, 4, 14, 1),
(61, 4, 15, 1),
(575, 3, 63, 1),
(426, 9, 45, 0),
(64, 4, 18, 1),
(65, 4, 19, 1),
(795, 3, 85, 1),
(70, 4, 24, 1),
(611, 7, 67, 0),
(75, 4, 29, 1),
(76, 4, 30, 1),
(78, 4, 32, 1),
(80, 4, 34, 1),
(775, 7, 82, 0),
(83, 4, 37, 0),
(84, 4, 38, 1),
(85, 4, 39, 0),
(86, 4, 40, 0),
(87, 4, 41, 0),
(88, 4, 42, 0),
(89, 4, 43, 0),
(90, 4, 44, 1),
(91, 4, 45, 0),
(92, 4, 46, 0),
(573, 1, 63, 0),
(94, 5, 2, 0),
(572, 9, 62, 1),
(362, 5, 53, 1),
(99, 5, 7, 1),
(741, 5, 78, 1),
(749, 5, 79, 1),
(418, 9, 37, 0),
(411, 9, 29, 0),
(397, 9, 7, 1),
(571, 7, 62, 0),
(106, 5, 14, 1),
(107, 5, 15, 1),
(425, 9, 44, 0),
(110, 5, 18, 1),
(111, 5, 19, 1),
(404, 9, 19, 1),
(376, 5, 55, 0),
(116, 5, 24, 1),
(334, 5, 49, 1),
(369, 5, 54, 1),
(569, 5, 62, 1),
(121, 5, 29, 0),
(122, 5, 30, 0),
(781, 5, 83, 1),
(124, 5, 32, 1),
(348, 5, 51, 0),
(126, 5, 34, 1),
(341, 5, 50, 0),
(129, 5, 37, 0),
(130, 5, 38, 0),
(131, 5, 39, 0),
(132, 5, 40, 0),
(133, 5, 41, 0),
(134, 5, 42, 0),
(135, 5, 43, 0),
(136, 5, 44, 0),
(137, 5, 45, 0),
(138, 5, 46, 0),
(568, 4, 62, 1),
(561, 5, 61, 1),
(789, 5, 84, 1),
(567, 3, 62, 1),
(361, 4, 53, 1),
(740, 4, 78, 1),
(748, 4, 79, 1),
(417, 9, 50, 0),
(609, 5, 67, 0),
(396, 9, 54, 1),
(565, 1, 62, 0),
(424, 9, 43, 0),
(793, 1, 85, 0),
(403, 9, 18, 1),
(375, 4, 55, 0),
(333, 4, 49, 1),
(368, 4, 54, 1),
(548, 9, 59, 0),
(608, 4, 67, 1),
(780, 4, 83, 1),
(347, 4, 51, 0),
(773, 5, 82, 1),
(340, 4, 50, 0),
(547, 7, 59, 0),
(186, 1, 2, 0),
(560, 4, 61, 1),
(788, 4, 84, 1),
(360, 3, 53, 1),
(191, 1, 7, 0),
(739, 3, 78, 1),
(747, 3, 79, 1),
(772, 4, 82, 1),
(409, 9, 51, 0),
(787, 3, 84, 1),
(545, 5, 59, 0),
(198, 1, 14, 0),
(199, 1, 15, 0),
(544, 4, 59, 0),
(423, 9, 42, 0),
(202, 1, 18, 0),
(203, 1, 19, 0),
(720, 9, 75, 1),
(402, 9, 15, 1),
(374, 3, 55, 1),
(208, 1, 24, 0),
(332, 3, 49, 1),
(367, 3, 54, 1),
(543, 3, 59, 1),
(607, 3, 67, 1),
(213, 1, 29, 0),
(214, 1, 30, 0),
(779, 3, 83, 1),
(216, 1, 32, 0),
(346, 3, 51, 1),
(218, 1, 34, 0),
(771, 3, 82, 1),
(339, 3, 50, 1),
(221, 1, 37, 0),
(222, 1, 38, 0),
(223, 1, 39, 0),
(224, 1, 40, 0),
(225, 1, 41, 0),
(226, 1, 42, 0),
(227, 1, 43, 0),
(228, 1, 44, 0),
(229, 1, 45, 0),
(230, 1, 46, 0),
(559, 3, 61, 1),
(541, 1, 59, 0),
(415, 9, 34, 1),
(408, 9, 49, 0),
(540, 9, 58, 0),
(539, 7, 58, 0),
(422, 9, 41, 0),
(719, 7, 75, 0),
(401, 9, 14, 1),
(537, 5, 58, 0),
(278, 7, 2, 0),
(557, 1, 61, 0),
(785, 1, 84, 0),
(536, 4, 58, 1),
(358, 1, 53, 0),
(283, 7, 7, 0),
(737, 1, 78, 0),
(745, 1, 79, 0),
(414, 9, 32, 1),
(407, 9, 24, 0),
(393, 9, 2, 0),
(535, 3, 58, 1),
(290, 7, 14, 0),
(291, 7, 15, 0),
(421, 9, 40, 0),
(294, 7, 18, 0),
(295, 7, 19, 0),
(620, 9, 68, 1),
(400, 9, 55, 0),
(372, 1, 55, 0),
(300, 7, 24, 0),
(330, 1, 49, 0),
(365, 1, 54, 0),
(533, 1, 58, 0),
(605, 1, 67, 0),
(305, 7, 29, 0),
(306, 7, 30, 0),
(777, 1, 83, 0),
(308, 7, 32, 1),
(344, 1, 51, 0),
(310, 7, 34, 0),
(769, 1, 82, 0),
(337, 1, 50, 0),
(313, 7, 37, 0),
(314, 7, 38, 0),
(315, 7, 39, 0),
(316, 7, 40, 0),
(317, 7, 41, 0),
(318, 7, 42, 0),
(319, 7, 43, 0),
(320, 7, 44, 0),
(321, 7, 45, 0),
(322, 7, 46, 0),
(619, 7, 68, 0),
(617, 5, 68, 1),
(616, 4, 68, 1),
(615, 3, 68, 1),
(613, 1, 68, 0),
(604, 9, 66, 1),
(603, 7, 66, 0),
(601, 5, 66, 1),
(600, 4, 66, 1),
(599, 3, 66, 1),
(597, 1, 66, 0),
(596, 9, 65, 0),
(595, 7, 65, 0),
(593, 5, 65, 1),
(592, 4, 65, 1),
(591, 3, 65, 1),
(589, 1, 65, 0),
(588, 9, 64, 1),
(587, 7, 64, 0),
(585, 5, 64, 1),
(584, 4, 64, 1),
(717, 5, 75, 1),
(716, 4, 75, 1),
(715, 3, 75, 1),
(713, 1, 75, 0),
(712, 9, 74, 0),
(711, 7, 74, 0),
(709, 5, 74, 1),
(708, 4, 74, 1),
(707, 3, 74, 1),
(705, 1, 74, 0),
(704, 9, 73, 0),
(703, 7, 73, 0),
(701, 5, 73, 1),
(700, 4, 73, 1),
(699, 3, 73, 1),
(697, 1, 73, 0),
(696, 9, 72, 1),
(695, 7, 72, 0),
(876, 9, 95, 0),
(693, 5, 72, 1),
(692, 4, 72, 1),
(691, 3, 72, 1),
(689, 1, 72, 0),
(688, 9, 71, 1),
(687, 7, 71, 0),
(875, 7, 95, 0),
(685, 5, 71, 1),
(684, 4, 71, 1),
(683, 3, 71, 1),
(680, 9, 70, 0),
(679, 7, 70, 0),
(874, 5, 95, 0),
(677, 5, 70, 1),
(676, 4, 70, 1),
(675, 3, 70, 1),
(673, 1, 70, 0),
(681, 1, 71, 0),
(797, 5, 85, 1),
(873, 4, 95, 0),
(799, 7, 85, 0),
(800, 9, 85, 0),
(801, 1, 86, 0),
(803, 3, 86, 1),
(804, 4, 86, 1),
(805, 5, 86, 1),
(872, 3, 95, 1),
(807, 7, 86, 0),
(808, 9, 86, 1),
(809, 1, 87, 0),
(811, 3, 87, 1),
(812, 4, 87, 1),
(813, 5, 87, 1),
(871, 1, 95, 0),
(815, 7, 87, 0),
(816, 9, 87, 0),
(817, 1, 88, 0),
(819, 3, 88, 1),
(820, 4, 88, 1),
(821, 5, 88, 1),
(882, 9, 96, 0),
(823, 7, 88, 0),
(824, 9, 88, 0),
(825, 1, 89, 0),
(827, 3, 89, 1),
(828, 4, 89, 1),
(829, 5, 89, 1),
(881, 7, 96, 0),
(831, 7, 89, 0),
(832, 9, 89, 0),
(833, 1, 90, 0),
(835, 3, 90, 1),
(836, 4, 90, 1),
(837, 5, 90, 1),
(880, 5, 96, 0),
(839, 7, 90, 0),
(840, 9, 90, 0),
(841, 1, 91, 0),
(843, 3, 91, 1),
(844, 4, 91, 1),
(845, 5, 91, 1),
(879, 4, 96, 0),
(847, 7, 91, 0),
(848, 9, 91, 1),
(849, 1, 92, 0),
(851, 3, 92, 1),
(852, 4, 92, 1),
(853, 5, 92, 1),
(878, 3, 96, 1),
(855, 7, 92, 0),
(856, 9, 92, 0),
(857, 1, 93, 0),
(859, 3, 93, 1),
(860, 4, 93, 1),
(861, 5, 93, 1),
(877, 1, 96, 0),
(863, 7, 93, 0),
(864, 9, 93, 0);

-- --------------------------------------------------------

-- 
-- Struktur-dump for tabellen `TRM_usertypes`
-- 

CREATE TABLE `TRM_usertypes` (
  `ID` int(11) NOT NULL auto_increment,
  `name` varchar(255) character set latin1 NOT NULL,
  PRIMARY KEY  (`ID`)
) ENGINE=MyISAM  DEFAULT CHARSET=utf8 COLLATE=utf8_bin AUTO_INCREMENT=10 ;

-- 
-- Data dump for tabellen `TRM_usertypes`
-- 

INSERT INTO `TRM_usertypes` (`ID`, `name`) VALUES 
(1, 'inactive'),
(3, 'admin'),
(4, 'manager'),
(5, 'tester'),
(7, 'guest'),
(9, 'service');

-- --------------------------------------------------------

